ISSN,ISSN_L,TITLE
1452-774X,1452-774X,«ÇThe «ÇInternational Scientific Journal of Management Information Systems
2455-1422,2455-1422,AARMSS international journal of management and social science research
2410-3918,2410-3918,"Academic Journal of Business	 Administration	 Law and Social Sciences"
2393-4913,2393-4913,Academic Journal of Economic Studies
2305-2864,2305-2864,Academic journal of management sciences
2311-326X,2311-326X,Academic journal of research in business and accounting
2311-3278,2311-3278,Academic journal of research in economics and management
2152-2820,2152-2820,"Accounting, economics, and law."
2345-6752,2345-6752,Advanced social humanities and management
1855-931X,1855-931X,Advances in business related scientific research journal
2394-1545,2394-1545,Advances in economics and business management
2398-4457,2398-4457,Advances in management and informatics
2173-0164,2173-0164,AESTIMATIO : the IEB International Journal of Finance
0976-3600,1817-7417,African Journal of Business Ethics
1993-8233,1993-8233,African Journal of Business Management
2275-5233,2275-5233,African management studies
2234-3075,2234-3075,Agribusiness and information management
2193-7532,2193-7532,Agricultural and Food Economics
1068-2805,1068-2805,Agricultural and resource economics review
2414-584X,2414-584X,Agricultural and resource economics
0139-570X,0139-570X,Agricultural Economics (AGRICECON)
2008-4722,2008-4722,Agricultural Economics & Development
1804-1930,1804-1930,AGRIS on-line Papers in Economics and Informatics
1816-9171,1816-9171,Al-Qadisiya journal of administration and economic sciences
2164-5167,2164-5167,American Journal of Industrial and Business Management
2313-4755,2313-4747,American journal of trade and policy
1584-0409,1584-0409,Annals of Dunarea de Jos University. Fascicle I : Economics and Applied Informatics
2068-6900,2068-6900,Annals of Spiru Haret University Economic Series
1583-0691,1583-0691,Annals of the Oradea University: Fascicle Management and Technological Engineering
1843-3723,1223-365X,Annals of the University of Craiova: Economic Sciences Series
1582-5450,1222-569X,Annals of the University of Oradea: Economic Science
1582-5949,1582-5949,Annals of the University of Petrosani: Economics
2455-6602,2455-6602,"Anveshana's international journal of research in regional studies	 law	 social sciences	 journalism and management practices."
2347-5005,2347-5005,Apeejay - journal of management sciences and technology
2252-8997,2252-8997,APMBA (Asia Pacific Management and Business Application)
2312-9832,2312-9832,Applied sciences and business economics
2214-4625,2214-4625,Arab Economic and Business Journal
2411-7633,2411-7633,"Asia-Pacific journal of education	 business and society."
1394-2603,1394-2603,Asian Academy of Management Journal
1823-4992,1823-4992,Asian Academy of Management Journal of Accounting and Finance
2313-819X,2313-819X,Asian bulletin of energy economics and technology
2304-2613,2304-2613,Asian business review
2305-2147,2222-6737,Asian economic and financial review
2041-8744,2041-8744,Asian journal of business management
2312-3656,2312-3656,Asian journal of economic modelling
2518-010X,2409-2622,Asian journal of economics and empirical research
2477-0574,2477-0574,Asian Journal of Innovation and Entrepreneurship (AJIE)
2413-0591,2413-0591,Asian journal of management sciences and economics
2312-9034,2312-9034,Asian journal of research in business and management
2312-9042,2312-9042,Asian journal of research in economics and finance
2383-0948,2383-0948,Asian journal of social and economic sciences
2313-7401,2313-7401,Asian journal of social sciences and management studies
1978-6956,1978-6956,Asian Journal of Technology Management
2174-3835,2174-3835,Atlantic Review of Economics
1834-2000,1834-2000,"Australasian Accounting	 Business and Finance Journal"
1835-6354,1835-6354,Australasian Journal of Construction Economics and Building
1839-0846,1839-0846,Australian journal of business and management research
1324-1540,1324-1540,Australian journal of emergency management
2312-3125,2312-3125,Automation Technological and Business-Processes
2455-9776,2455-9776,Avyukta journal of management and social sciences
2391-8160,2391-8160,Balkan Region Conference on Engineering and Business Education
2345-0193,2345-0193,Baltic journal of career education and management
1406-099X,1406-099X,Baltic Journal of Economics
2255-9671,2255-9604,Baltic Journal of Real Estate Economics and Construction Management
1807-734X,1807-734X,BBR: Brazilian Business Review
1808-2386,1808-2386,BBR. Brazilian Business Review
1488-4666,1488-4666,BC journal of ecosystems and management
2087-1228,2087-1228,Binus Business Review
2280-6180,2280-6172,Bio-based and Applied Economics
1679-8171,1679-8171,Brazilian Journal of Operations & Production Management
2278-098X,2278-098X,"British Journal of Economics	 Management & Trade"
2367-7082,2367-7082,Bulgarian Economic Papers
1318-2927,1318-2927,"Bulletin economics, organisation and informatics in healthcare."
2409-9368,2409-9368,Bulletin of business and economics
1732-4254,1732-4254,Bulletin of Geography: Socio-Economic Series
2065-2194,2065-2194,Bulletin of the Transilvania University of Brasov. Series V : Economic Sciences
2412-1770,2412-1770,"Business	 management and economics research."
2029-6169,2029-7491,"Business	 Management and Education "
2241-312X,2241-312X,Business & entrepreneurship journal
2148-2586,2148-2586,Business & Management Studies: An International Journal
0894-6825,0894-6825,Business and economic history on-line
1804-1205,1804-1205,Business and Economic Horizons
2162-4860,2162-4860,Business and economic research
2052-3963,2052-3963,Business and management education in HE
2348-2737,2348-2737,Business dimensions
2248-1354,2248-1354,Business Excellence and Management
2347-6044,2347-6044,Business forschung
2047-7031,2047-7031,Business management dynamics
2170-1679,2170-1679,Business Management Review
2363-9296,2363-930X,Business reporting
1866-8658,1866-8658,Business Research
2340-9436,2340-9436,Business Research Quarterly
1847-8344,1847-8344,Business Systems Research
1648-0627,1648-0627,Business: Theory and Practice
2152-372X,2152-372X,"Case Studies in Business	 Industry and Government Statistics"
2353-9119,2353-9119,Central and Eastern European Journal of Management and Economics
1805-4854,1805-4854,Central European Business Review
2336-2693,2336-4890,Central European Journal of Management
2416-2663,2416-2663,CEU Business School working paper series
2395-2830,2395-2830,Chanakya international journal of business research
2497-1979,2497-1979,Chance & finance
1029-807X,1029-807X,China accounting and finance review
2196-5633,2196-5633,China Finance and Economic Review
2330-6297,2330-6297,Class, race and corporate power
2331-1975,2331-1975,Cogent Business & Management
2332-2039,2332-2039,Cogent Economics & Finance
2393-851X,2393-851X,Commonwealth journal of commerce & management research
2241-195X,2241-195X,Communications in mathematical finance
1508-2008,1508-2008,Comparative Economic Research
2204-9029,2204-9029,Construction Economics and Building
2300-8814,2084-0845,Contemporary Economics
2082-033X,2082-033X,Contemporary Management Quarterly
2335-7959,2335-7959,Contemporary Research on Organization Management and Administration
1846-3878,1330-4860,Croatian Economic Survey
2286-0452,2286-0452,Cross-Cultural Management Journal
1805-6830,1805-6830,"Czech Journal of Social Sciences	 Business and Economics."
1923-6530,1923-6530,Dalhousie journal of interdisciplinary management
2281-4299,2281-4299,"Department of computer	 control	 and management engineering Antonio Ruberti Technical reports."
2297-7066,2297-7066,Design economics
2468-211X,2468-211X,Dutch journal of finance and management
2232-5867,2232-5867,Dynamic Relationships Management Journal (DRMJ)
2508-1640,2508-1640,East Asian Economic Review
2234-3040,2234-3040,East Asian Journal of Business Management
2297-0223,2297-0223,"East european journal of economics, politics and law"
2451-1935,2451-1935,Econometric Research in Finance
1454-0320,1454-0320,Economia: Seria Management
2367-9409,1312-7462,Economic Alternatives
2178-0587,2178-0587,Economic Analysis of Law Review
1579-1475,1579-1475,Economic Analysis Working Papers
1580-0466,1580-0466,Economic and Business Review
1225-7281,1225-7281,Economic and environmental geology
2307-0331,2307-0331,"Economic and Social Changes: Facts, Trends, Forecast"
2252-6544,2252-6544,Economic Education Analysis Journal
1450-863X,1450-863X,Economic Horizons
2284-8576,2284-8576,Economic Insights: Trends and Challenges
2502-180X,2086-3128,Economic Journal of Emerging Markets
2311-6293,2311-6293,Economic Processes Management
2247-8531,2247-8531,Economic Research Guardian
2255-9930,1691-3078,Economic Science for Rural Development
1871-3351,1871-3351,Economic sociology
2049-3509,2049-3509,Economic Thought
1810-9136,1810-9136,Economica
2312-3435,2312-3435,"Economics	 entrepreneurship	 management."
1864-6042,1864-6042,"Economics : the Open-Access, Open-Assessment e-Journal"
2336-9213,2336-9213,Economics & Economy
2306-3459,2071-789X,Economics & Sociology (Ternopil)
2254-4380,2254-4380,Economics and business letters
1643-5877,1643-5877,Economics and Business Review
2256-0394,2256-0386,Economics and Business
0126-155X,0126-155X,Economics and Finance in Indonesia
2300-0813,2080-9646,Economics and Management
1545-2921,1545-2921,Economics bulletin
2252-6560,2252-6560,Economics Development Analysis Journal
2090-2123,2090-2131,Economics Research International
2252-7001,2252-7001,Educational Management
2348-4128,2348-4128,Eduera international research journal of commerce and management
2310-8584,2310-8584,Electronic institutional repository of the Ukrainian Academy of Banking of the National Bank of Ukraine
1477-7029,1477-7029,Electronic Journal of Business Research Methods
1479-4411,1479-4411,Electronic Journal of Knowledge Management
2310-8347,2310-8347,Electronic Odessa National Economic University institutional repository
0976-7185,0976-7185,ELK Asia Pacific journal of finance and risk management
2394-0409,2394-0409,ELK Asia Pacific journal of human resource management and organisational behaviour
2394-0417,2394-0417,ELK Asia Pacific journal of leadership and innovation management
0976-7193,0976-7193,ELK Asia Pacific journal of marketing and retail management
2347-4408,2347-4734,Elysium journal of engineering research and management
1927-7318,1927-7318,Engineering Management Research
2353-883X,2353-8821,Entrepreneurial Business and Economics Review
1314-0167,1314-0167,Entrepreneurship & Innovation
2310-0079,2310-0079,Entrepreneurship and innovation management journal
2354-0079,2354-0079,Environmental & Socio-economic Studies
1998-6041,1998-6041,Environmental economics
2345-5772,2345-5772,Environmental energy and economics international research
2353-3293,1689-765X,Equilibrium. Quarterly Journal of Economics and Economic Policy
1876-9098,1876-9098,Erasmus journal for philosophy and economics
2376-9459,0896-226X,Essays in Economic and Business History
2311-9772,2311-9772,Ethiopian journal of business and economics
1694-5948,1694-5972,Eurasian Journal of Business and Economics
2148-0206,2148-0206,Eurasian Journal of Business and Management
2148-0192,2148-0192,Eurasian Journal of Economics and Finance
2310-4929,2310-0184,Euro-Asian journal of economics and finance
2261-1738,1967-502X,Euro-Mediterranean economics and finance review
1582-8859,1582-8859,EuroEconomica
2406-2588,2406-2588,European Journal of Applied Economics
2056-6018,2056-6018,"European journal of business	 economics and accountancy."
1804-9699,1804-5839,European Journal of Business and Economics
2053-4019,2053-4019,European journal of business and innovation research
2235-767X,2235-767X,European Journal of Business and Social Sciences (EJBSS)
2411-443X,2411-443X,European journal of contemporary economics and management
1307-6035,1307-6035,European journal of economic and political studies
2519-1284,2519-1284,"European journal of economics, law and social sciences."
2444-877X,2444-877X,European journal of family business
2254-7088,2254-7088,European Journal of Government and Economics
2421-2172,2421-2172,European journal of Islamic finance
2056-5992,2056-5992,European journal of research and reflection in management sciences
2450-8535,2450-8535,European Journal of Service Management
2444-8834,2444-8834,European Research on Management and Business Economics
2109-9480,2109-9480,European review of industrial economics and policy
2443-7832,1977-978X,Eurostat review on national accounts and macroeconomic indicators
2344-6781,2344-6781,Expert Journal of Business and Management
2359-7704,2359-7704,Expert Journal of Economics
2359-7712,2359-7712,Expert Journal of Finance
0354-4699,0354-4699,Facta Universitatis. Series: Economics and Organization
2451-3903,2451-3903,Finance and Management
2059-5999,2059-5999,Finance and Society
2415-928X,2415-9271,Financial and economic review scientific journal of the Magyar Nemzeti Bank
2411-6408,2411-6408,Financial risk and management reviews
1849-241X,1849-241X,FIP: Journal of Finance and Law
2080-7279,2080-7279,Foundations of Management
1673-7431,1673-7431,Frontiers of Business Research in China
2314-7202,2314-7210,Future Business Journal
1088-6931,1088-6931,Global business and finance review
2343-9750,2343-9742,Global Economic Observer
2311-3162,2311-3162,"Global journal of contemporary research in accounting	 auditing and business ethics."
2311-3170,2311-3170,"Global journal of emerging trends in e-business	 marketing and consumer psychology."
2349-4506,2349-4506,Global journal of engineering science and research management
2520-7113,2520-7113,"Global journal of management	 social sciences and humanities."
2519-0091,2519-0091,Global journal of management and social sciences
2345-6086,2345-6086,Global journal of management studies and researches
2311-3189,2311-3189,"Global review of research in tourism	 hospitality and leisure management."
2415-6191,2415-6191,Gulf-Pacific journal of business administration
2191-1991,2191-1991,Health Economics Review
2385-1031,2385-0671,Housing policies and urban economics
2343-7995,2343-7995,Hyperion Economic Journal
2521-5817,2521-5817,Iberoamerican business journal
2346-9161,2346-9161,Iberoamerican Journal of Project Management
2409-6520,2409-6520,IBT journal of business studies
2150-4075,2150-4075,iBusiness
2423-7019,2423-7019,"ICP Business	 economics and finance."
2395-1656,2395-1656,ICTACT journal on management studies
2517-9993,2517-9993,IETI Transactions on Business and Management Sciences
0970-3896,0970-3896,IIMB Management Review
2455-9229,2455-9229,IJRDO - journal of applied management science
2445-9216,2445-9216,Impact of entrepreneurship education in Denmark
1996-3572,1996-3572,Independent business review
2236-269X,2236-269X,Independent Journal of Management & Production
2454-6801,2454-6801,Indian Journal of Commerce
2407-7321,2407-7321,Indonesian Journal of Business and Entrepreneurship
1992-8319,1992-8319,Indus journal of management & social sciences
2224-5758,2224-5758,Information and Knowledge Management
2220-3796,2220-3796,Information Management and Business Review
2255-9086,2255-9086,Information Technology and Management Science
2078-2454,2078-2454,Insurance markets and companies: analyses and actuarial computations
2350-0867,2350-0867,"Intercontinental journal of banking	 insurance and finance."
2350-0840,2350-0840,Intercontinental journal of human resource management
2350-0883,2350-0883,Intercontinental journal of marketing management
2073-7122,2073-7122,Interdisciplinary journal of contemporary research in business
1555-1229,1555-1229,"Interdisciplinary Journal of Information	 Knowledge	 and Management"
2046-7141,2046-7141,Interdisciplinary journal of research in business
2065-8168,2065-8168,Internal Auditing & Risk Management
2393-8048,2393-8048,"International advance journal of engineering	 science & management."
1535-0754,1535-0754,International Business & Economics Research Journal
2549-0303,2549-0303,International Business and Accounting Research Journal
2300-6102,2300-6102,International Business and Global Economy
1913-9004,1913-9004,International Business Research
1313-1141,1313-1141,International Conference e-Management & Business Intelligence
1812-0660,1811-9824,International Economic Policy
1805-7306,1805-7306,International Economics Letters
2008-9643,2008-9643,International economics studies
2374-2089,2374-2089,International finance and banking
1096-7508,1096-7508,International Food and Agribusiness Management Review
2348-4845,2348-4845,International journal & magazine of engineering technology management and research
2348-2249,2348-2249,International journal for multi-disciplinary engineering and business management
2454-9150,2454-9150,International journal for research in engineering application & management
2394-840X,2394-840X,International journal in applied studies & production management
2222-6990,2222-6990,International journal of academic research in business & social sciences
2309-4508,2309-4508,International journal of accounting and economics studies
2347-9558,2347-9558,"International journal of administration in management	 commerce and economics."
2311-0945,2311-0945,International journal of advanced research in business and management
2348-2354,2348-2354,International journal of advanced research in business management and administration
2349-0012,2349-0012,"International journal of advanced research in education	 technology and management."
2394-1766,2394-1766,"International journal of advanced research in engineering	 science & management."
2454-9762,2454-9762,"International journal of advanced research in management	 architecture	 technology & engineering."
2455-6378,2455-6378,International journal of advanced scientific research and management
2454-356X,2454-356X,"International journal of advanced scientific technologies	 engineering and management sciences."
2349-3224,2349-3224,"International journal of advancement in engineering technology	 management & applied science."
2349-4468,2349-4468,"International journal of advances in managemet, economics and entrepreneurship."
2345-5721,2345-5721,International journal of applied economic studies
2347-8608,2347-8608,International journal of applied management & business utility
2454-9940,2454-9940,International journal of applied science engineering and management
2413-3396,2413-3396,International journal of applied sciences and management
2395-0692,2395-0692,"International journal of arts	 humanities and management studies."
2347-7687,2347-7687,"International journal of arts, commerce & education."
2347-694X,2347-694X,"International journal of arts, commerce and humanities."
2410-3500,2410-3500,"International journal of business	 economics and management works."
2312-0916,2312-0916,"International journal of business	 economics and management."
2349-4638,2349-4638,"International journal of business	 management and allied sciences."
2412-8279,2412-8279,"International journal of business	 management and social research."
2309-7892,2309-7892,"International journal of business	 social and scientific research."
2051-8498,2051-848X,International Journal of Business & Economic Development
2412-4346,2412-4346,International journal of business administration and management research
2347-856X,2347-856X,International journal of business and administration research review
2226-5651,2226-5651,International journal of business and behavioral sciences
2408-0101,2408-0098,International Journal of Business and Economic Sciences Applied Research
2455-3921,2455-3921,International journal of business and economics research
2309-0693,2309-0693,International journal of business and innovation
1833-3850,1833-3850,International journal of business and management
1309-8047,1309-8047,International Journal of Business and Management Studies
2336-2197,2336-2197,International Journal of Business and Management
2383-2630,2383-2630,International journal of business and marketing
2412-2432,2412-2432,International journal of business and social science studies
2349-3402,2349-3402,International journal of business management
1753-0296,1753-0296,International Journal of Business Science and Applied Management
2347-2847,2347-2847,International journal of commerce & business studies
2149-9608,2149-9608,International Journal of Commerce and Finance
2455-1627,2455-1627,International journal of commerce and management research
2394-5702,2394-5702,"International journal of commerce, IT and social sciences."
2150-7988,2150-7988,International journal of computer information systems and industrial management applications
2231-5268,2231-5268,International journal of computer science and management studies
2229-6166,2229-6166,International journal of computing and business research
1179-0776,1179-0776,International Journal of Construction Supply Chain Management
1925-4423,1925-4423,International journal of contemporary economics and administrative sciences
2449-8920,2449-8920,International Journal of Contemporary Management
2348-9510,2348-9510,International journal of core engineering and management
2366-0066,2366-0074,International Journal of Corporate Social Responsibility
2312-5985,2312-5985,International journal of current business and social sciences
2230-9608,2230-9608,International journal of data mining and knowledge management process
0975-5705,0975-5705,International journal of database management systems
2223-957X,2223-957X,International Journal of Economic and Environment Geology
2069-5756,2069-5756,International Journal of Economic Behavior
1791-5120,1791-3373,International Journal of Economic Sciences and Applied Research
1804-9796,1804-9796,International Journal of Economic Sciences
1394-7680,1394-7680,"International Journal of Economics	 Management and Accounting."
2310-5232,2310-5232,International journal of economics and empirical research
1916-9728,1916-971X,International Journal of Economics and Finance
2146-4138,2146-4138,International Journal of Economics and Financial Issues
2411-9407,2411-9407,International journal of economics and financial research
2367-8925,2367-8925,International Journal of Economics and Management Systems
2229-6158,2229-6158,International journal of economics and research
2309-0685,2309-0685,International journal of economics and statistics
2348-0386,2348-0386,"International journal of economics, commerce and management"
2410-8588,2073-9729,International journal of electronic commerce studies
2310-2926,2310-2926,International journal of empirical finance
2146-4553,2146-4553,International Journal of Energy Economics and Policy
2056-3272,2056-3272,International journal of energy production and management
2349-1566,2349-1566,"International journal of engineering	 information technology and management studies."
2347-601X,2347-601X,"International journal of engineering	 management	 humanities and social sciences paradigms."
2454-4140,2454-4140,"International journal of engineering	 science and management."
2349-4476,2349-4476,"International journal of engineering	 technology management & applied sciences."
2498-700X,2498-700X,International journal of engineering and management sciences M≈±szaki √©s menedzsment tudom√°nyi k√∂zlem√©nyek
1847-9790,1847-9790,International Journal of Engineering Business Management
2349-2058,2349-2058,International journal of engineering research & management
2348-4039,2348-4039,International journal of engineering research and management technology
2349-6193,2349-6193,International journal of engineering sciences & management research
2230-8849,2230-8849,International journal of enterprise computing and business systems
2336-2952,2336-2960,International Journal of Entrepreneurial Knowledge
2251-645X,2251-645X,"International journal of finance	 accounting and economics studies"
2147-4486,2147-4486,International Journal of Finance & Banking Studies
2310-3256,2310-2942,International journal of financial economics
2149-3766,2147-8988,International Journal of Food and Agricultural Economics
2348-7216,2348-7216,International journal of futuristic trends in management studies
2322-5939,2322-5939,International Journal of Health Policy and Management
2476-4698,2476-4698,International journal of human capital in urban management
2233-4165,2233-4165,International Journal of Industrial Distribution and Business
2409-1871,2409-1871,International journal of industrial engineering & management science
2408-9710,2408-9710,International journal of industrial engineering and management science
2345-4822,2345-4822,International journal of industrial engineering and supply chain management
2076-9202,2076-9202,"International journal of information	 business and management."
2074-9023,2074-9031,International journal of information engineering and electronic business
2225-9163,2225-9163,International journal of information management sciences
2182-7788,2182-7796,International Journal of Information Systems and Project Management
2348-4918,2348-4918,International journal of innovation in engineering research and management
2310-4031,2310-4031,International journal of innovative and applied finance
2350-0557,2350-0557,International journal of innovative research in engineering and management
2455-7188,2455-7188,International journal of innovative research in management studies
2149-8407,2149-8407,International Journal of Islamic Economics and Finance Studies
2455-2771,2455-2771,International journal of law and management studies
2412-0642,2412-0642,"International journal of management	 accounting & economics."
2383-2126,2383-2126,"International journal of management	 accounting and economics"
2304-1366,2304-1366,"International journal of management	 economics & social sciences."
2232-5107,2232-5697,"International Journal of Management	 Knowledge and Learning"
0719-6644,0719-6644,International journal of management & social studies
2056-757X,2056-757X,International journal of management and applied research
2228-7019,2228-7019,International Journal of Management and Business Research
2230-9519,2230-9519,International journal of management and business studies
2348-7585,2348-7585,International journal of management and commerce innovations
2543-5361,2299-9701,International Journal of Management and Economics
2305-2600,2305-2600,International journal of management and organizational studies
2349-6738,2349-6738,International journal of management and social science research review
2231-0703,2231-0703,International journal of management and strategy
2223-5604,2223-5604,International journal of management research and emerging sciences
2345-637X,2345-637X,International journal of management sciences and  economic
2310-2829,2310-2829,International journal of management sciences
2348-3954,2348-3954,International journal of marketing and financial management
2455-7749,2455-7749,"International journal of mathematical	 engineering and management sciences."
2310-2527,2310-2527,International journal of modern business issues of global market
1849-0581,1849-0581,International journal of multidisciplinarity in business and science
2451-1064,2450-2146,International Journal of New Economics and Social Sciences
2367-931X,2367-931X,International Journal of New Studies in Management Research
2309-8023,2309-8023,International journal of operations and logistics management
2310-6913,2310-6913,International journal of pharmaceutical sciences and business management
2340-4876,2340-5317,International Journal of Production Management and Engineering
2525-3654,2525-3654,International Journal of Professional Business Review
2392-5809,2392-5809,International Journal of Public and Private Management
2363-7021,2363-7021,International Journal of Quality Innovation
2349-7807,2349-7807,"International journal of recent research in commerce	 economics and management."
2455-2240,2455-2240,"International journal of research	 science	 technology & management."
2348-6627,2348-6627,International journal of research aspects of engineering and management
2147-4478,2147-4478,International Journal of Research In Business and Social Science
2394-5923,2394-5923,International journal of research in business studies and management
2394-5036,2394-5036,"International journal of research in cloud engineering	 management & allied science."
2347-7539,2347-7539,International journal of research in engineering technology and management
2348-6503,2348-6503,International journal of research in management & business studies
2347-5943,2347-5943,International journal of research in management sciences
2455-7595,2455-7595,International journal of research in management studies
2454-7875,2454-7875,"International journal of research publications in engineering	 technology and management."
2349-5197,2349-5197,International journal of research science & management
2243-7770,2243-7770,International Journal of Research Studies in Management
2348-0823,2348-0823,International journal of science engineering & management research
2349-3771,2349-3771,International journal of scientific research and management studies
2477-1929,2477-1929,International journal of social and local economic governance
2455-8834,2455-8834,International journal of social science and economic research
2383-0239,2383-0239,International journal of social science and management
2411-7323,2411-7323,International journal of social science management and entrepreneurship
2411-4731,2411-4731,International journal of social sciences and management studies
2383-1359,2383-1359,International Journal of Supply and Operations Management
2246-2929,2246-2929,International Journal of Sustainable Energy Planning and Management
2231-6868,2231-6868,International journal of transformation in business management
2538-1628,2538-1628,International journal of urban management and energy sustainability
2349-5677,2349-5677,International jouurnal of business quantitative economics and applied management research
2451-1668,2451-1668,International Marketing and Management of Innovations
2229-6891,2229-6891,International research journal of applied finance
2322-083X,2322-083X,International research journal of business and management
2411-3646,2411-3646,International research journal of business and social science
2089-6271,2089-6271,International Research Journal of Business Studies
2348-9766,2348-9766,International research journal of management and commerce
2250-1959,2250-1959,International research journal of management sciences & technology
2147-964X,2147-964X,International research journal of management sciences
2349-0314,2349-0314,International research journal of marketing and economics
2306-9007,2306-9007,International review of management and business research
2146-4405,2146-4405,International Review of Management and Marketing
2308-2372,2308-2372,International SAMANM journal of business and social sciences
2308-2356,2308-2356,International SAMANM journal of finance and accounting
2308-2399,2308-2399,International SAMANM journal of marketing and management
2535-0005,2535-0005,International Scientific Conference High Technologies. Business. Society
1314-6327,1314-6327,International Scientific Conference Management and Engineering
2306-7748,2306-7748,International strategic management review
2432-552X,2432-552X,Internet journal for society for social management systems
1810-4967,1810-4967,Investment management & financial innovations
2251-8223,2251-8223,Iranian Journal of Information Processing & Management
2008-7055,2008-7055,Iranian Journal of Management Studies
2009-6208,2009-6208,Irish journal of arts management & cultural policy
2221-5239,2221-5239,Islamic banking and finance review
2411-3395,2411-3395,Islamic economic studies
2090-8938,2090-8938,ISRN Economics
2367-6647,2367-6655,IUC Management Review
2193-8997,2193-8997,IZA Journal of Labor Economics
2450-114X,2450-114X,Jagiellonian Journal of Management
2070-0296,2070-0296,Jinnah business review
2308-9946,2308-9946,Jordan journal of economic sciences
2394-837X,2394-837X,Journal for advanced research in commerce and management studies
1998-1279,1998-1279,"Journal for language, technology & entrepreneurship in Africa."
2300-0945,1733-3911,Journal for Perspectives of Economic Political and Social Integration
2149-0996,2149-0996,"Journal of Accounting	 Finance and Auditing Studies"
1984-9648,1984-9648,Journal of Aerospace Technology and Management
2214-8523,2214-8515,Journal of African trade
1899-5241,1899-5241,Journal of Agribusiness and Rural Development
2407-814X,2407-814X,Journal of Agribusiness and Rural Development Research
1074-0708,1074-0708,Journal of Agricultural and Applied Economics
2382-9907,2382-9907,Journal of applied business and finance researches
1843-6110,1843-6110,Journal of Applied Economic Sciences
1927-033X,1927-033X,Journal of applied economics and business research
2193-5181,2193-5181,Journal of applied research in business and economics
2066-5482,2066-5482,Journal of Applied Research in Finance
2288-4637,2288-4637,"Journal of Asian Finance	 Economics and Business"
2383-1170,2383-1170,Journal of Asset Management and Financing
2339-2886,2339-2886,"Journal of Auditing	 Finance and Forensic Accounting"
2353-6845,2353-6845,Journal of Banking and Financial Economics
2078-9424,2078-9424,Journal of Business
2384-4663,2384-4663,Journal of business & statistical analysis
2315-7755,2315-7755,Journal of Business and Economic Management
2305-1825,2305-1825,Journal of business and finance
2070-0156,2070-0156,Journal of business and management dynamics
1751-8202,1751-8202,Journal of business and retail management research
1992-271X,1992-271X,Journal of business and technology
2246-2465,2246-2465,Journal of Business Models
2521-5302,2521-5302,Journal of business sciences
1993-5765,1993-5765,Journal of business strategies
2152-1034,2152-1034,Journal of business studies quarterly
2233-369X,2233-369X,Journal of Business
2392-0726,2392-0726,Journal of Capital Market and Behavioral Finance
2336-9205,1800-9581,Journal of Central Banking Theory and Practice
2195-9897,2195-9897,Journal of Chinese management
2454-1702,0973-4503,Journal of commerce and trade
2410-406X,2410-406X,Journal of contemporary management sciences
2392-2680,2392-2680,Journal of Corporate Responsibility and Leadership
2351-6186,2351-6186,Journal of creativity and business innovation
2379-9463,2379-9463,Journal of Economic & Financial Studies
2322-0511,2322-0503,Journal of economic and financial modelling
1995-7076,1995-7076,Journal of economic and financial sciences
1849-3327,1849-3327,Journal of Economic and Social Development (Vara≈ædin)
1986-8502,1986-8499,Journal of Economic and Social Studies
2285-3642,2285-3642,"Journal of Economic Development, Environment and People"
2301-7341,2301-7341,Journal of Economic Education
2008-7306,2008-7306,Journal of Economic Geology
2313-335X,2313-335X,Journal of economic info
2193-2409,2193-2409,Journal of Economic Structures
2087-3735,2087-3735,"Journal of Economics	 Business & Accountancy"
2077-1886,2077-1886,"Journal of economics	 finance and administrative science."
2220-6140,2220-6140,Journal of Economics and Behavioral Studies
2069-9476,2068-3537,Journal of Economics and Business Research
2148-8347,2148-8347,Journal of economics and political economy
2312-2978,2312-2978,Journal of economics and social sciences
2149-2387,2149-2387,Journal of economics bibliography
2149-2379,2149-2379,Journal of economics library
2310-3280,2310-3140,Journal of empirical economics
2221-6529,2221-6529,"Journal of Engineering	 Project	 and Production Management"
2338-3925,2338-3925,Journal of Engineering and Management in Industrial System
2217-8147,2217-8147,Journal of Engineering Management and Competitiveness
2299-7075,2299-7326,"Journal of Entrepreneurship	 Management and Innovation"
2068-7729,2068-7729,Journal of Environmental Management and Tourism
2385-7137,2385-7137,Journal of Evolutionary Studies in Business
2405-9188,2405-9188,Journal of Finance and Data Science
2367-5810,2367-5810,Journal of Financial and Actuarial Mathematics and Management
2282-717X,2282-717X,Journal of financial management markets and institutions
2167-9533,2167-9533,Journal of Financial Risk Management
2377-2999,2377-2999,Journal of global economic analysis
2251-7316,2228-7566,Journal of Global Entrepreneurship Research
2344-4150,2344-4150,Journal of Heterodox Economics
2328-4862,2328-4862,Journal of Human Resource and Sustainability Studies
1335-3888,1335-3888,Journal of Human Resource Management
2541-5395,1907-7947,Journal of Indonesian Applied Economics
2085-8272,2085-8272,Journal of Indonesian Economy and Business
2013-0953,2013-0953,Journal of Industrial Engineering and Management
2476-308X,2476-308X,Journal of industrial engineering and management studies
1807-1775,1807-1775,Journal of Information Systems and Technology Management
2443-2555,2443-2555,Journal of Information Systems Engineering and Business Intelligence
2468-4376,2468-4376,Journal of Information Systems Engineering and Management
2192-5372,2192-5372,Journal of Innovation and Entrepreneurship
2032-7129,,Journal of Innovation Economics
2183-0606,2183-0606,Journal of Innovation Management
2190-3387,2190-3387,"Journal of intellectual property, information technology and electronic commerce law."
2001-015X,2001-015X,Journal of Intelligence Studies in Business
2500-9656,2500-9656,Journal of International Economic Research
2367-6035,2367-6035,Journal of International Economy and Business
1313-2555,1313-2555,Journal of International Scientific Publications : Economy & Business
2149-9748,2149-9748,"Journal of International Trade, Logistics and Law"
1832-1151,1832-1151,Journal of internet business
1814-8042,1814-8042,Journal of Islamic Banking and Finance
2075-6291,2075-6291,Journal of Islamic business and management
2289-2109,2289-2109,Journal of Islamic Finance
2460-6146,2460-6618,Journal of Islamic Monetary Economics and Finance
2069-5934,2069-5934,"Journal of Knowledge Management	 Economics and Information Technology."
1705-9232,1705-9232,Journal of knowledge management practice
2148-4139,2148-4139,Journal of Life Economics
2450-7814,2450-7814,"Journal of Management and Business Administration	 Central Europe"
2378-5713,2378-5713,Journal of Management and Innovation
0976-013X,0976-0148,Journal of management and public policy
2249-1260,2249-1260,Journal of management and science
2348-6317,2348-6317,Journal of management and social science
1814-9790,1814-9790,Journal of management and social sciences
2383-2320,2383-2320,Journal of management and social studies
1925-4725,1925-4725,Journal of Management and Sustainability
2547-9512,2547-9512,Journal of Management Economics Literature Islamic and Political Sciences: JOMELIPS
2394-8124,2394-8124,Journal of management engineering and information technology
2313-3376,2313-3376,Journal of management info
2394-2762,2394-2762,Journal of management research and analysis
2313-0113,2313-0113,Journal of Management Sciences
2162-2434,2162-2442,Journal of Mathematical Finance
2413-3868,2413-3868,"Journal of media	 business and social sciences."
2345-5314,2345-5314,Journal of modern management and foresight
2451-3490,2451-3490,Journal of Modern Management Process
2521-2486,2521-2486,Journal of new finance
2469-6730,2469-6730,Journal of North African research in business
1984-3046,1984-3046,Journal of Operations and Supply Chain Management
2245-408X,2245-408X,Journal of Organization Design
2472-3797,2472-3797,"Journal of perspectives in organizational behavior	 management & leadership."
1844-8208,1843-2298,Journal of Philosophical Economics
2334-735X,2334-735X,Journal of Process Management. New Technologies
2251-6409,2251-6409,Journal of Production and Operations Management
2049-1395,2049-1395,Journal of regional & socio-economic issues
2395-2210,2395-2210,"Journal of research in business	 economics and management."
2456-0197,2456-0197,Journal of research in science technology engineering and management
2454-6542,2454-6542,Journal of research innovation and management science
2345-1424,2345-1424,"Journal of Research on Trade	 Management and Economic Development"
2057-8881,2057-8881,Journal of research studies in business and management
1911-8066,1911-8066,Journal of Risk and Financial Management
1940-9893,1940-9893,Journal of Service Science and Management
2364-4575,2364-4575,Journal of shipping and trade
2537-141X,2537-141X,Journal of Smart Economic Growth
2303-6044,2303-6044,Journal of social and business studies
2312-6264,2312-6264,Journal of social economics research
2313-3198,2313-3198,Journal of social economics
1816-6075,1816-6075,Journal of system and management sciences
2410-5988,2410-5988,"Journal of technological information	 management & engineering sciences."
0718-2724,0718-2724,Journal of technology management & innovation
0718-1876,0718-1876,Journal of theoretical and applied electronic commerce research
2309-0529,2309-0529,Journal of therapy and management in HIV infection
2313-4178,2313-4178,Journal of tourism management research
1995-5235,1995-5235,Journal of Transport and Supply Chain Management
1752-2897,1752-2897,Journal of trauma management & outcomes
2196-064X,2196-064X,Journal of Trust Management
2226-5856,2226-5856,Journal of Urban Management
1821-1283,1821-1283,Journal of Women's Entrepreneurship and Education
1412-1212,1412-1212,"Journal the Winners: Economics	 Business	 Management	 and Information System Journal"
2394-3033,2394-3033,Journals club for management studies
2492-9778,2492-9778,JustFinance
2349-2589,2349-2589,"KAAV international journal of law	 finance and industrial relations."
0853-6627,0853-6627,Kinerja: Journal of Business and Economics
2073-7904,2073-7904,Knowledge Management & E-Learning: An International Journal
2005-6095,2005-6095,Korean journal of construction engineering and management (Online)
2093-9582,2093-9582,Korean Journal of Franchise Management (Online)
2196-436X,2196-436X,Latin American Economic Review
0719-0425,0719-0425,Latin american journal of economics
2509-3711,2509-3711,LEMEX research papers on entrepreneurship
2313-8262,2313-8262,Makroeconomica review
1429-9321,1429-9321,Management
1331-0194,1331-0194,Management : Journal of Contemporary Management Issues
1841-2416,1841-2416,Management & Marketing
1842-0206,1842-0206,Management ≈üi Marketing
2252-6552,2252-6552,Management Analysis Journal
2308-1368,2308-1368,Management and administrative sciences review
2084-3356,2084-3356,Management and Business Administration. Central Europe
2469-4339,2469-4339,Management and Economics Research Journal
2501-885X,2501-885X,Management and Economics Review
2080-8208,2080-8208,Management and Production Engineering Review
2286-2668,2286-2668,Management Dynamics in the Knowledge Economy
2392-0025,2392-0025,Management Forum
2066-9380,2066-9380,Management of Sustainable Development
1923-9335,1923-9335,Management Science Letters
2313-5166,2313-5166,Management studies and economic systems
2299-0461,2299-0461,Management Systems in Production Engineering
1822-6760,1822-6760,Management Theory and Studies for Rural Business and Infrastructure Development
2230-9764,2230-9764,Management today
1898-1143,1898-1143,Managerial Economics
2450-1131,1733-9707,Mathematical Economics
1941-5745,1941-5745,Michigan journal of business
2321-6700,2321-6700,MIT international journal of management & technology
2349-1701,2349-1701,MITS international journal of business research
2521-6392,2521-6392,Modern economics
2152-7245,2152-7245,Modern Economy
2300-6366,2300-6366,Modern Management Review
2307-101X,2307-101X,Nang Yan Business Journal
2394-6342,2394-6342,National journal of commerce and management
2412-3730,2412-3730,Neumann Business Review
2230-3561,2230-3561,Neuroscience and Neuroeconomics
2395-1907,2395-1907,NITTE management review
2342-9003,2342-9003,Nordic journal of business
1892-9710,1892-9710,Nordic Journal of Health Economics
2053-1648,2053-1648,Nottingham insolvency and business law e-journal
2066-8325,2066-8325,Oeconomics of Knowledge
2325-4688,2325-4688,Online Journal of Applied Knowledge Management
2345-4954,2345-4954,Open access journal of resistive economic
2333-9705,2333-9721,Open Access Library Journal
2169-3404,2169-3412,Open Journal of Accounting
2329-3284,2329-3292,Open Journal of Business and Management
2190-829X,2190-829X,Open journal of knowledge management
2327-5952,2327-5952,Open Journal of Social Sciences
2058-7422,2058-7422,"Open review of management	 banking and finance."
2501-3599,2501-1596,Oradea Journal of Business and Economics
2203-6156,2203-6156,Organisational Project Management
1847-5450,1847-5450,"Organization	 technology & management in construction"
2393-3119,2393-3119,Ovidius University Annals: Economic Sciences Series
1011-002X,1011-002X,Pakistan economic and social review
1997-8553,1997-8553,Pakistan Journal of Commerce and Social Sciences
2409-7462,2409-7462,Pakistan Journal of Information Management & Libraries
1452-595X,1452-595X,Panoeconomicus
1559-4122,1559-4122,Perspectives in health information management
1804-0519,1804-0519,"Perspectives of Innovations	 Economics and Business."
1224-6832,1224-6832,Petroleum-Gas University of Ploiesti Bulletin : Economic Sciences Series
2043-0736,2043-0736,Philosophy for business
2183-3826,2183-3826,"Portuguese Journal of Finance	 Management and Accounting."
1865-1151,1865-1151,Practical business research
2305-9559,2305-9559,Practical ideas in economics and finance
1791-5767,1791-5767,Practical Research in Innovation Management & Entrepreneurship
1727-7051,1727-7051,Problems and perspectives in management
2029-6932,2029-6932,Problems of management in the 21st century
2392-9537,2392-9537,"Procedia Environmental Science	 Engineering and Management."
2336-6044,2336-6044,Proceedings of the Economics & Finance Conferences ....
2349-6916,2349-6916,Professional Panorama : an international journal of management of technology
2409-9783,2409-9783,Professionals center for business research
2300-4088,2391-5951,Progress in Economic Sciences
2311-1860,2311-1860,Progress in management sciences
2207-1415,2207-1415,Project Management Research and Practice
1179-1578,1179-1578,Psychology Research and Behavior Management
2222-1867,2222-1867,Public and municipal finance
2284-2527,2284-2527,Public finance research papers
1759-7323,1759-7323,Quantitative Economics
2089-7995,2089-7847,Quantitative Economics Journal
2423-6586,2423-6578,Quarterly Journal of Applied Theories of Economics
2409-1472,2409-1472,Quarterly journal of business studies
2309-0944,2309-0944,Rajshahi University journal of social science and business studies
2300-5289,2300-5289,Real Estate Management and Valuation
2412-6535,2412-6535,Regional journal of information and knowledge management
2367-7805,2367-7805,Reports on Economics and Finance
2275-2617,2275-2617,Research & business link review
1736-9126,1736-9126,Research in economics and business: Central and Eastern Europe
2349-9109,2349-9109,Research journal of management and IT
2319-1171,2319-1171,Research journal of management sciences
2349-7270,2349-7270,Research script international journal of management and humanities
2229-4686,2229-4686,Researchers world - journal of arts science and commerce
2348-0971,2348-0971,Researchjournali's journal of business ethics
2348-0955,2348-0955,Researchjournali's journal of commerce
2347-8233,2347-8233,Researchjournali's journal of economics
2348-0963,2348-0963,Researchjournali's journal of finance
2347-8217,2347-8217,Researchjournali's journal of management
1335-2571,1335-2571,Review of Agricultural and Applied Economics
2308-944X,2308-944X,Review of business and economics studies
1879-9337,1879-9337,Review of Development Finance
1973-3909,1973-3909,Review of Economic Analysis
2068-7249,1843-763X,Review of Economic and Business Studies
1213-2446,1213-2446,Review of Economic Perspectives
1923-8401,1923-7529,Review of economics & finance
2038-1379,2038-1379,Review of economics and institutions
2366-035X,0948-5139,Review of economics
2360-2155,1583-624X,Review of Management and Economic Engineering
2502-244X,2502-244X,Riebs: review of Indonesian economic and business studies
1453-2069,1453-2069,Robotica & Management
1842-2497,1842-2497,Romanian economic business review
2286-2056,1454-4296,Romanian Economic Journal
2226-1184,2226-1184,Russian Journal of Agricultural and Socio-Economic Sciences
2405-4739,2405-4739,Russian journal of economics
2313-7002,2313-7002,Russian journal of logistics and transport management
2347-7571,2347-7571,Sai Om journal of commerce & management : a peer reviewed international journal
2347-7563,2347-7563,Sai Om journal of commerce & management : a peer reviewed national journal
1986-5473,1986-5473,Sarajevo business and economics review
2348-5302,2348-5302,"Scholars journal of economics	 business and management."
2394-3351,2394-3351,Scholedge international journal of business policy & governance
2394-3378,2394-3378,Scholedge international journal of management & development
2367-8380,2367-8380,Science. Business. Society
2501-3165,2501-1960,Scientific Annals of Economics and Business
1641-3466,1641-3466,Scientific Papers of Silesian University of Technology. Organization and Management Series
2247-3572,2247-3572,"Scientific Papers Series : Management	 Economic Engineering in Agriculture and Rural Development"
2415-1017,2415-1017,Scinzer journal of accounting and management
2455-068X,2455-068X,"Scope international journal of science	 humanities	 management and technology."
1452-4864,1452-4864,Serbian Journal of Management
1869-4195,1869-4195,SERIEs: Journal of the Spanish Economic Association
1898-0511,1898-0511,Service Management
2322-2301,2322-2301,Shiraz journal of system management
2503-4235,2503-4235,Shirkah Journal of Economics and Business
2065-2372,2065-2372,"Sibiu ""Alma Mater"" University Journals/n Series A/p Economic Sciences."
2520-6621,2520-6214,Socioeconomic challenges
2217-7558,2217-7558,Socioeconomica: Scientific Journal for Theory and Practice of Socio-economic Development
2222-3436,1015-8812,South African Journal of Economic and Management Sciences
1683-7584,1683-7584,South African Journal of Human Resource Management
1560-683X,1560-683X,South African Journal of Information Management
2410-8197,2410-8197,South American journal of management
2074-2967,2074-2967,South Asian Journal of Management Sciences
1978-1989,1978-1989,South East Asian Journal of Management
2233-1999,2233-1999,South East European Journal of Economics and Business
1998-8125,1998-8125,Southern African business review
2349-1558,2349-1558,SPC ERA international journal of e-commerce and e-banking
2412-7418,2412-7418,Specialty journal of accounting and economics
2412-5695,2412-5695,Specialty journal of psychology and management
2241-424X,1105-8919,SPOUDAI - Journal of Economics and Business
2349-6975,2349-6975,SSARSC international journal of management
2350-0956,2350-0956,SSPS -  international journal for business management & research
2393-9125,2393-9125,SSRG international journal of economics and management studies
2313-3848,2313-3848,Standard global journal of business management
2310-7537,2310-7537,Standard research journal of business management
1821-3448,1821-3448,Strategic management
2149-9543,2149-9543,Strategic Public Management Journal
2406-5269,2406-5269,Strategic Trade Review
2344-1321,2066-561X,Studies and Scientific Researches: Economics Edition
1418-2106,1418-2106,Studies in Agricultural Economics
1842-4120,1842-4120,Studies in Business and Economics
2313-1217,2313-1217,Sukkur IBA journal of management and business
2069-5519,2069-5519,Supply Chain Management Journal
1749-8384,1749-8384,Surrey energy economics discussion paper series
2053-8669,2053-8669,Surrey energy economics report series
1807-5908,1807-5908,Sustainable Business International Journal
1421-2110,0303-9692,Swiss journal of economics and statistics
1907-8145,1907-8145,Tazkia Islamic Finance and Business Review
2150-4059,2150-4067,Technology and Investment
1927-0321,1927-0321,Technology Innovation Management Review
2520-310X,2520-310X,Texila international journal of management
0004-9395,0004-9395,The Australian journal of agricultural economics
1838-8485,1838-8485,The e-journal of social & behavioural research in business
2312-6310,2312-430X,The Economics and finance letters
1824-2979,1824-2979,The European Journal of Comparative Economics
1835-5269,1835-5269,The International technology management review
2284-9459,2284-9459,The Journal of Accounting and Management
2218-8118,2218-8118,The Journal of commerce
2373-1753,2373-1753,The Journal of Entrepreneurial Finance
2457-4996,2457-4996,The Journal of Sustainable Development and Entrepreneurship
2056-9394,2056-9394,The key account management journal
2312-9492,2312-9492,The strategic journal of business & change management
1841-8678,1841-8678,Theoretical and Applied Economics
2065-3913,2065-3921,Theoretical and Empirical Researches in Urban Management
2068-7710,2068-7710,Theoretical and Practical Research in Economic Fields
1555-7561,1555-7561,Theoretical Economics
2162-2078,2162-2086,Theoretical Economics Letters
2248-0927,1842-7340,Timisoara Journal of Economics and Business
2451-0947,2451-0947,Torun Business Review
2182-8458,2182-8458,Tourism & Management Studies
1330-7533,1330-7533,Tourism and Hospitality Management
0976-2329,0975-3346,"Trade, law and development."
2551-2382,2551-2382,"Transformations of the French economy through the lens of international trade, 1716-1821."
1179-1616,1179-1616,Transplant Research and Risk Management
2149-0414,2149-0414,Turkish economic review
2148-3809,2148-3809,Turkish Journal of Islamic Economics
2382-9745,2382-9745,UCT journal of management and accounting studies
2226-6240,2226-6240,Universal journal of management and social sciences
1698-5117,1698-5117,Universia business review
2344-3847,2285-3332,USV Annals of Economics and Public Administration
1857-6974,1857-6974,UTMS Journal of Economics
2348-554X,2348-554X,v3 journal of management
2067-9440,2067-9440,Valahian Journal of Economic Studies
2455-2062,2455-2062,"VFSTR journal of science	 technology	 engineering & management."
2395-2059,2395-2059,Vindhya international journal of management research
2455-4251,2455-4251,"VSRD international journal of accounts, economics & commerce research."
1907-9753,1907-9753,Warta Kebijakan Iptek & Manajemen Litbang (Journal of S & T Policy and R & D Management)
2059-4283,0083-7350,Warwick economic research papers
2212-9774,2212-9774,Wine Economics and Policy
2367-2595,2367-2595,Working papers of the Berlin Institute for International Business Studies at the Berlin School of Economics and Law (HWR Berlin)
2510-053X,2510-053X,Working papers of the priority programme 1859 ‚ÄúExperience and expectation. Historical foundations of economic behaviour‚Äù
2391-5714,2391-5714,World Journal of Economics and Engineering
2391-5706,2391-5706,World Journal of Management and Art
2322-004X,2322-004X,World journal of management and engineering
1989-9068,1989-9068,WPOM : Working Papers on Operations Management
2084-1264,2084-1264,"Wroclaw Review of Law, Administration and Economics"
1849-1162,1331-5609,Zagreb International Review of Economics and Business
2076-3387,2076-3387,Administrative Sciences
2227-7099,2227-7099,Economies
2227-7072,2227-7072,International Journal of Financial Studies
2199-8531,2199-8531,Journal of Open Innovation: Technology, Market, and Complexity
1911-8074,1911-8074,Journal of Risk and Financial Management
2227-9091,2227-9091,Risks